{
	"name": "wcube",
	"title": "DsN - Weighted Companion Cube Dice Set",
	"description": "Adds a set of 3D dice in the style of Aperture Science Weighted Companion Cube to Dice-So-Nice ",
	"version": "1.0.0",
	"minimumCoreVersion" : "0.7.2",
	"compatibleCoreVersion" : "0.7.5",
	"author": "EndlesNights",
	"scripts": [
		"wcube.js"
	],
	"url": "https://github.com/EndlesNights/ApertureScienceWCDice",
	"manifest": "https://raw.githubusercontent.com/EndlesNights/ApertureScienceWCDice/master/module.json",
	"download": "https://github.com/EndlesNights/ApertureScienceWCDice/raw/master/ApertureScienceWCDice.zip"
}